[
  {
    "id": "636a2e825c706389231fece3",
    "picture": "https://wallpaperaccess.com/full/2012849.jpg",
    "time": 200,
    "name": "Basic Algorithm",
    "quantity": 0
  },
  {
    "id": "636a2e8282e4833e9be56fd9",
    "picture": "https://wallpaperaccess.com/full/1560185.jpg",
    "time": 120,
    "name": "Computer Networking",
    "quantity": 0
  },
  {
    "id": "636a2e8270ecc81a942c2957",
    "picture": "https://wallpaperaccess.com/full/4565464.jpg",
    "time": 300,
    "name": "Ethical Hacking",
    "quantity": 0
  },
  {
    "id": "636a2e8254820523134d797d",
    "picture": "https://wallpaperaccess.com/full/796832.jpg",
    "time": 600,
    "name": "Fundamental Programming with C++",
    "quantity": 0
  },
  {
    "id": "636a2e828c8f5d2d7c925fc3",
    "picture": "https://airmanagement.com/wp-content/uploads/2018/10/39580107-business-wallpapers.jpg",
    "time": 80,
    "name": "Financing",
    "quantity": 0
  },
  {
    "id": "636a2e82310d64ffe65a2dfd",
    "picture": "https://jjlyonsmarketing-18a33.kxcdn.com/wp-content/uploads/2021/10/Digital-Marketing-Success-1024x684.jpg",
    "time": 144,
    "name": "Digital Marketing",
    "quantity": 0
  },
  {
    "id": "636a2e8271164ea44d07ac63",
    "picture": "https://thedatascientist.com/wp-content/uploads/2021/02/data-science.jpg",
    "time": 500,
    "name": "Data Science",
    "quantity": 0
  },
  {
    "id": "636a2e82250ba83eb7c2f2f2",
    "picture": "https://wallpapercave.com/wp/wp3205272.jpg",
    "time": 1200,
    "name": "Machine Learning",
    "quantity": 0
  }
]